Year/Month,Number of Tasks,Number of Exceptions,Under 12 Hours,Under 24 Hours,Median Time to Close,Total Tasks,Completion Rate
2023-10,14,64,42,42,4.17625,78,0.1794871794871795
2023-11,24,48,25,26,5.127777777777778,72,0.3333333333333333
