Year/Month,Number of Tasks,Number of Exceptions,Under 12 Hours,Under 24 Hours,Median Time to Close,Total Tasks,Completion Rate
2023-10,217,64,42,42,4.17625,281,0.7722419928825622
2023-11,249,48,25,26,5.127777777777778,297,0.8383838383838383
2023-12,211,31,10,10,25.066666666666666,242,0.871900826446281
2024-1,236,83,51,57,10.769166666666667,319,0.7398119122257053
2024-2,204,36,22,22,1.483888888888889,240,0.85
2024-3,209,60,27,32,23.915277777777778,269,0.7769516728624535
2024-4,213,61,30,32,23.466666666666665,274,0.7773722627737226
2024-5,223,27,20,20,5.838888888888889,250,0.892
2024-6,192,66,24,26,24.96847222222222,258,0.7441860465116279
