Year/Month,Number of Tasks,Number of Exceptions,Under 12 Hours,Under 24 Hours,Median Time to Close,Total Tasks,Completion Rate
2023-10,205,64,42,42,4.17625,269,0.7620817843866171
2023-11,239,48,25,26,5.127777777777778,287,0.8327526132404182
2023-12,204,31,10,10,25.066666666666666,235,0.8680851063829788
2024-1,222,83,51,57,10.769166666666667,305,0.7278688524590164
2024-2,195,36,22,22,1.483888888888889,231,0.8441558441558441
2024-3,197,60,27,32,23.915277777777778,257,0.7665369649805448
2024-4,208,61,30,32,23.466666666666665,269,0.7732342007434945
2024-5,215,27,20,20,5.838888888888889,242,0.8884297520661157
2024-6,188,66,24,26,24.96847222222222,254,0.7401574803149606
