Year/Month,Number of Tasks,Number of Exceptions,Under 12 Hours,Under 24 Hours,Median Time to Close,Total Tasks,Completion Rate
2023-10,284,64,42,42,4.17625,348,0.8160919540229885
2023-11,322,48,25,26,5.127777777777778,370,0.8702702702702703
2023-12,273,31,10,10,25.066666666666666,304,0.8980263157894737
2024-1,300,83,51,57,10.769166666666667,383,0.783289817232376
2024-2,260,36,22,22,1.483888888888889,296,0.8783783783783784
